{
  "meta_title": "Marmelo Doce | Decoração e enxoval infantil",
  "meta_description": "Compre produtos de decoração para quarto infantil, enxoval para o quarto do bebê, tapete, mobile, kit higiene, manta, almofada.",
  "sections": [
    {
      "type": "banner-slider",
      "autoplay": 0,
      "slides": [
        {
          "img": "/img/uploads/banner-principal-15.jpg",
          "link": "https://www.marmelodoce.com.br/trico",
          "alt": "",
          "start": "2020-04-11T05:54:06.750Z",
          "end": "2023-01-01T00:14:28.512Z",
          "mobile_img": "/img/uploads/banner-mobile-candy.png"
        }
      ]
    },
    {
      "type": "info-bar",
      "enabled": true
    },
    {
      "type": "banners-grid",
      "banners": [
        {
          "img": "/img/uploads/tapetes.jpg",
          "alt": "Tapetes",
          "link": "https://www.marmelodoce.com.br/tapete-infantil"
        },
        {
          "img": "/img/uploads/banner-trico.jpg",
          "alt": "Tricô",
          "link": "https://www.marmelodoce.com.br/trico"
        }
      ]
    },
    {
      "type": "collection-shelf",
      "shuffle": true,
      "limit": 12,
      "page": 1,
      "collection_id": "617e036f239b7206d3fa2b00:categories:Tapete:/tapete-infantil",
      "headless": true
    },
    {
      "type": "collection-shelf",
      "shuffle": true,
      "limit": 12,
      "page": 1,
      "collection_id": "6180a3c4239b7206d3fc86c4:categories:Tricô:/trico",
      "headless": true
    },
    {
      "type": "collection-shelf",
      "shuffle": true,
      "limit": 12,
      "page": 1,
      "collection_id": "6180a799239b7206d3fc8a79:categories:Bichinhos:/amigurumi",
      "headless": true
    },
    {
      "type": "collection-shelf",
      "shuffle": true,
      "limit": 12,
      "page": 1,
      "collection_id": "6180a36e239b7206d3fc861a:categories:Kit higiene:/kit-higiene",
      "headless": true
    },
    {
      "type": "collection-shelf",
      "shuffle": true,
      "limit": 12,
      "page": 1,
      "collection_id": "6180a414239b7206d3fc870c:categories:Decoração:/decoracao",
      "headless": true
    }
  ]
}